order_id,order_date,customer_id,product_category,price,quantity,discount_percent
14af6de1-03dd-4d81-90c7-5346a14d45c7,2002-04-20,8652,Electronics,39112,6,25
2cc302c0-d3ab-4da5-8f56-3c3f90709446,1980-02-06,6504,Toys,49711,10,30
ee0784f9-85e8-47cd-b6ae-f857ce9ebeed,2010-10-21,312,Home,19092,3,25
b918142c-5039-4df5-b2bd-08d5963551ed,2019-01-19,4905,Books,7428,9,5
97a29443-5c80-4e81-8bac-7110be99cd33,2013-12-09,6609,Electronics,47703,4,0
adec6086-fd9c-419f-8db1-68195c848af8,2002-11-18,9012,Books,30080,7,0
2e3e3b84-c540-4123-866a-bc4d68231cb0,2022-03-26,8324,Clothing,30377,10,30
3ec7b69d-0bf8-468e-b8f8-ad95ee3e1b59,2022-03-02,7465,Toys,22305,2,20
30a5a2e0-a56a-4f1c-85db-4dc0d8cddb1c,1987-01-28,7401,Toys,20747,6,30
53218aa4-9434-4988-8633-94d76ebe1bbc,1984-05-08,4381,Electronics,23859,8,5
f8b40fd5-f6f8-4884-815c-1da26732ee47,2025-08-29,9905,Clothing,47820,5,30
a265635b-180c-4d34-8929-c7b2b9afc4ce,2018-02-07,6341,Toys,44829,4,15
0732f958-acb8-41df-95a3-b622254015d4,1980-01-18,1992,Toys,46313,10,15
e1fd3a05-ec01-40f7-af03-b5cd14acebb2,1972-09-18,8236,Clothing,834,6,25
92560f69-52c8-447e-8a25-546aa643491c,2012-01-28,3549,Toys,21780,3,25
428baaf4-c099-43aa-82b5-2869af04f12e,2025-08-16,9662,Toys,38216,5,25
8954c9c2-e233-4947-8164-2151282f21c2,1992-02-03,5391,Books,30253,4,20
e9aa3cec-e75c-418e-955d-9ed59009b687,1974-02-17,7601,Electronics,27845,8,30
f0f6b42e-0da2-4f3f-9457-aa1222df44d4,2004-07-10,3146,Home,46827,3,0
4a03fe61-7c4e-471b-ba48-e33d46f8ccc7,2024-12-02,1968,Home,15663,8,15
f5914379-65df-47fd-86fd-89678a1d8ec3,1995-10-11,3399,Home,40575,2,20
cfff7a90-9740-4be3-baa0-54c034559e73,2012-09-02,3172,Clothing,45474,10,5
61281db0-96b2-4e84-9016-16430f23858f,1995-10-10,4346,Home,31011,2,20
350e4446-44b3-4122-92a5-eb2a562ee821,2008-04-21,485,Electronics,45713,1,15
fb2d95a5-2be6-42dd-8893-06533b21cb4b,2006-06-24,5768,Home,47176,9,0
6b2ef6d2-5144-4874-8d7b-e07577060b5b,1970-01-30,7529,Clothing,9347,9,10
27b72ec0-bdbc-4b75-b847-954480d525f1,1998-10-25,8587,Books,17904,5,10
8ec647c3-be34-4291-918f-c7f495601bfe,2020-05-20,4990,Home,42058,6,15
a88a1f0a-cd93-4540-871d-721ee967b3fb,1993-01-09,1081,Toys,36647,8,15
562babc9-5274-4855-a205-6f881da02678,2006-03-16,555,Home,44794,2,10
78403f6e-6a29-4ce1-95aa-d63d90711d41,1972-04-11,1719,Electronics,9594,10,10
f6bc8011-f8a0-4f3b-a36a-a8cf2ad1e45b,2001-07-20,3260,Clothing,26821,7,0
719f8e89-1cb9-4cad-8ea2-c1d7cfbb2a3b,1978-01-16,5885,Toys,49647,1,25
1f5e4bd4-203f-4d71-b44d-a316f3d0e7a1,2021-01-17,1380,Clothing,24797,3,5
8faa1a58-ef95-431f-955f-82393ff21aca,1993-07-01,9493,Home,11068,5,25
d0f4e892-3474-46f1-a774-f1c40b24059e,1975-03-27,5821,Toys,38671,2,5
88b34bbd-ed4e-435f-918e-2b9894b22671,1983-12-22,1955,Home,26439,4,30
1b6d77c5-98da-44b6-b401-2c636f2511dc,1993-05-24,1016,Home,4206,1,10
345c3737-bca3-4993-98e0-9993c12ef530,2014-10-12,8246,Toys,8580,7,5
291f543d-f853-4d64-bfd4-a8a132b0fa39,1985-06-28,8513,Books,47096,7,25
5bbee355-d83d-4bc7-9da5-97012226c664,2020-03-24,3287,Home,3072,3,0
ce082707-01e5-483b-ab87-929e6c80c667,2001-10-25,5274,Home,4442,2,10
bf89f3ff-8c7b-40ba-ac71-66d067b228f4,2006-08-13,4807,Home,666,1,0
28d7df95-04d2-41c2-aa29-06c960015e4e,1975-01-20,3749,Books,18058,9,5
c7ce5283-622b-48dd-ac93-47787cb3af3e,2018-11-02,3194,Electronics,46719,1,5
ad68e6ed-529e-43be-add2-b9d28b46ed49,2005-03-18,8097,Books,8934,1,10
68752f1f-7e58-4ef0-91fe-b9563be3e96e,1986-07-30,6279,Electronics,34141,8,15
4df009dd-6cb6-403e-8abe-ca6efec160d5,1980-01-26,5464,Books,32364,2,0
5190d8b9-03ab-453e-af6a-c2404a42ed5a,1978-05-17,6527,Clothing,36485,5,25
5f61c7ac-9c98-495b-88f5-4c5f2cf3121d,1989-06-29,9655,Electronics,12741,7,0
bc997bf3-ab47-4da7-9ed2-5cf7bbef2176,2018-12-09,4448,Books,18384,9,25
5cf2dabc-5cdc-4db7-8f52-2bbfc32af9df,2006-12-28,5136,Electronics,6718,2,10
b6b9e796-d467-46ff-96e7-9efbd30d0138,1983-05-23,9200,Clothing,23203,3,10
da59c29e-6513-47f7-9d3e-32248e1898d0,2022-03-11,1422,Toys,17190,3,5
34ea9ecc-ea2d-4973-8977-3ed19d3b8df6,2007-02-08,8333,Books,42725,9,20
822c3d6b-0f8a-4c16-8d9b-d27afa7d4e50,1990-01-20,5240,Electronics,17848,6,5
9b1cad3f-38a2-4da9-b9f1-e6814ccb8278,1985-08-15,4339,Books,5091,10,0
3b86c296-b08d-4993-a8f0-a86ee9c6c459,2015-02-06,3845,Electronics,6520,5,25
e28fc3a1-5686-471d-b23e-0ffb87ceda77,1983-03-22,6906,Books,13405,5,25
c294e9d3-0998-44e9-8e5a-5441b0db01ca,2021-09-26,3205,Electronics,34702,8,20
295df0ff-6908-43d5-a398-49a30c33f8f7,1993-01-12,7572,Electronics,41275,10,0
5aca0852-32bb-40e9-b69b-9f09965062a4,1970-11-19,9222,Toys,23924,5,20
4d7809f7-213a-411e-a588-308690d0a0fc,1999-07-28,7939,Electronics,34423,7,15
5d595b74-08ad-41a1-94ff-b183ac9699ec,2023-11-05,3867,Books,1733,9,15
39244eaa-0e6f-4e50-8dab-be1cfec041f8,1981-12-29,7809,Clothing,28827,9,15
5ff027b1-d27e-4b92-89ba-b9ca36b5a8fc,2017-03-07,1015,Books,9851,10,0
c80815c2-ee47-4ccc-a072-582e1ed12242,1993-04-29,5551,Toys,35459,4,15
67e15520-7bff-4044-8d90-e0914fcd8158,1982-02-23,8904,Clothing,18992,9,20
fddaaaa7-0297-4c15-a4b3-6266d4573c19,1992-06-11,266,Home,25184,7,15
e37b8ee2-4eaa-4032-ae5e-1f73a6fa8dd5,1971-07-29,2017,Toys,29455,4,0
b4c99fab-55cb-46c7-948c-28f4e0dc42d8,1992-11-27,8810,Toys,42407,1,15
1e7811e3-9a88-4a2e-b5b0-4272d8e89f47,1979-04-19,3916,Home,14541,8,10
cc149684-e7bc-49cb-b24c-66933af84398,2016-08-06,1720,Toys,47552,5,0
de3d3f55-aec8-4c65-9133-42e08631f704,2001-03-16,9438,Home,14976,6,5
3a641d94-c017-40af-a033-ad05eef080d8,1988-03-08,2584,Electronics,41305,8,15
c450c6ec-c4a7-43e1-aba8-b90ede8f0258,2025-10-28,8344,Books,36882,2,30
303e8803-6dce-43cc-8d19-1591c2ece01b,1988-05-20,4143,Toys,39863,7,25
4a7ae6f3-7b94-45f5-bcaa-66ba2c544103,2006-03-10,6066,Toys,8230,4,5
5757f784-cea3-4411-899b-96a3139a019a,2010-01-13,3126,Books,1234,1,0
9f79cae3-2f77-4007-8692-7e5b21e04345,2008-08-05,2972,Books,26346,8,5
20c2baed-91b3-4e49-a9ab-97b69611ebd5,1995-11-12,8157,Books,26053,3,20
dfaebb16-373e-472f-b446-cacfd12aa691,2008-02-29,852,Books,44579,10,25
00931851-d3a0-4dba-8f63-86c74739d4eb,2012-08-17,2647,Toys,16499,9,0
3d7ba1cf-a229-4322-95ee-24c5eafa59b9,1985-11-17,501,Books,23851,5,10
d32445ef-d474-4e1b-8904-7e6ebdef4369,2008-02-24,7943,Books,16410,3,10
8d85f3fa-691a-4a4d-b170-1d9347f66da5,1983-07-30,187,Toys,8631,6,0
4fbbeb94-c8e4-4a2f-bc1e-e7b423ed93e5,2023-07-01,1639,Clothing,43319,3,5
d72a777c-234a-4f79-a2d9-42fff593a7a7,2005-08-08,6049,Books,46360,7,25
cd0d6704-2a11-40be-bda8-99961efd199b,1974-08-12,3668,Home,48916,10,30
cb2b8444-3c6b-45cd-a31d-b0629869774a,1978-02-24,5955,Clothing,13519,3,25
cb79a19b-2b5c-4c3b-83f8-bb1126015f98,2003-05-17,384,Toys,30042,1,15
1736bcce-9bee-4efe-b91f-c39b2a271643,1976-08-16,7420,Toys,2449,1,25
51ca798d-2e8b-43f6-a7e0-374b01cd8e48,1996-12-08,3967,Books,46395,9,20
44fcc547-d6e4-4677-b141-4f31dc651539,2008-11-16,5397,Electronics,48829,1,30
b3458572-800c-409a-b7ca-7d46457c209a,1992-09-14,5068,Electronics,25043,8,25
90b48939-724f-48f2-b7d4-46827a5e34ad,1996-09-19,8108,Toys,36626,6,15
59c3068b-94e2-475a-9832-3e525a93c16d,2002-09-28,1672,Toys,11108,4,5
52390638-2f3f-40a5-b39f-46a8c8919c8e,1976-08-01,2709,Clothing,10961,4,20
9d9cf3cc-9764-423f-bd46-f041216083d3,1998-12-31,1410,Home,1504,3,15
98ff68bd-1218-40e8-8446-21612f0fb68a,2019-10-31,1206,Clothing,49721,6,10
9a3282b6-8e04-46b2-b4df-291543d12228,2012-01-26,4748,Home,18377,1,25
6fad21da-2d6c-4548-aa80-4ebf13bab98d,1981-10-02,7023,Books,2780,2,5
636e9706-4b83-42bb-9675-7f82fabd00f7,1991-04-10,7041,Electronics,49633,9,15
24183d27-6905-48c9-9cdd-2c9b33344945,2002-04-25,3248,Electronics,36153,3,10
707959de-13da-4943-b375-4980afad1bba,2022-02-14,8765,Books,26197,7,25
cda7bb31-39e4-4993-92e2-8ff39d4f9cd3,2025-05-27,4224,Toys,43980,4,25
3154d3e0-712c-4c8d-a599-6f003233db72,1978-09-22,6737,Electronics,49731,9,20
7be95868-6981-4b1a-8614-6a7012032c34,2012-09-23,3323,Home,47829,1,30
fdca25ea-f553-47c1-b590-9ef74b4683ee,1982-07-31,6458,Home,32110,1,0
e03f3f36-e85c-4562-83cc-6d2cecc4c7e4,2017-07-09,3909,Electronics,4564,6,30
ad65ffdd-23ff-4127-a98b-6369bfe76a1b,1996-12-05,3055,Books,33332,3,0
fd7101c6-3398-4130-91c4-a5929f00dbff,1981-04-18,3748,Electronics,13176,5,30
5c7c5ef1-82d3-41a0-b081-77475d38140a,2013-03-15,7461,Toys,32950,8,0
12b8df50-e24a-448d-845b-28bcfa046f67,1981-02-14,9218,Electronics,37879,3,5
93f59e7f-e46a-4575-84c1-4dbf0454c536,2023-01-05,5119,Electronics,9653,10,30
0f8f1a9e-4d7b-4ef6-b258-a2e1b12da78a,1975-09-16,8310,Electronics,29698,2,0
91d2bc80-9484-447e-86db-3b0eafcb72d2,2024-08-26,5559,Books,22831,6,5
7f3718ff-5595-4c4b-a884-52393a07c891,2004-09-14,4207,Clothing,9801,5,15
64a47429-ef90-41a9-8b4e-9306798d7a67,1988-06-11,527,Books,19463,9,30
c55fe589-838f-4201-a16b-e4a0d90384fd,1996-07-12,6041,Clothing,5249,6,25
a58b4ce8-7e25-4f9c-9d24-6821295b05e2,1982-05-29,4019,Home,47981,10,5
7afef430-29a7-46fb-b5b1-ce190901caf2,2014-07-11,9929,Toys,24871,5,5
f30f7416-581d-4fe3-8a55-7066bffd62d5,2018-07-06,2415,Toys,16145,3,10
349933ab-550b-4e80-9f1c-6489f9d0832b,2001-07-02,9788,Toys,10065,10,30
2d7cd9d7-940e-4b64-a0f3-3b4f888dac61,2004-01-10,7297,Books,31871,1,0
97ed6f06-8377-4210-a462-8c7a651c7f8c,1989-04-26,1440,Books,49636,7,20
5bb7cb13-91e5-4b4a-914a-3ff0d11f3f98,1983-02-11,9134,Electronics,44855,4,5
1b3c4bc2-c604-4110-82b5-414bb0a6bef5,2015-08-01,4683,Toys,47858,4,5
bf3d934c-794b-49f4-b5c7-d99ec8753c39,1981-08-07,3784,Electronics,32284,6,0
27f6f3a5-95b6-43b0-b1c0-fc8a8a916eaf,2014-02-15,8500,Books,11049,2,30
e78477bc-edbe-4c84-97d8-29bf9d95a777,2015-04-15,1127,Toys,25595,5,30
99187f09-fef6-4a67-b6c1-dfc099996e43,1995-08-02,1584,Clothing,46810,10,20
9c40b079-3bea-408e-8006-da2bfd9d0818,1988-06-30,9990,Electronics,22876,8,20
599e74ee-1df7-4396-a6c6-201923eed579,1973-04-04,9604,Books,42191,4,30
a6757ff5-1f24-4f1b-8b7b-1ccbd7d90eaa,2014-10-22,7753,Home,42598,5,5
de253bb9-45b2-4b0f-b6c2-07eea75fa19c,1970-10-10,4807,Books,17994,9,0
949634ad-21b0-45cf-a5ce-b27c74d75478,1994-09-17,5662,Toys,13000,4,10
0e380d24-7bbf-420a-953e-2e6423d6a882,2018-05-03,1129,Toys,41571,10,20
2bbc65c8-42b7-405d-bb31-63488af3b9f7,1995-10-27,8137,Electronics,23387,5,5
ff495afa-f64f-491d-af83-7fb4fb8ddf28,2011-01-03,7486,Books,15787,3,20
87e407b7-ed85-4f37-8ab2-8803fffb4972,1971-05-19,6049,Home,5370,3,10
47c2a905-135d-453b-a390-ba4012ccc08e,1986-03-22,3190,Clothing,1573,10,5
1a20e632-2a81-482b-897b-a0ac98cd4bd1,2013-07-19,8110,Home,16433,2,25
6d45c584-50d3-4429-b762-b94f368a62d5,2021-09-28,9927,Toys,6717,2,5
52760f98-f5a3-4ab4-af91-577faf14b821,2014-12-09,5091,Toys,22243,4,10
fb8e108e-4f1c-4f2a-ba6b-caa0ace90aff,1990-11-05,3127,Electronics,49774,8,30
249fcb93-edec-42ae-a10b-a9919901cb1b,2011-02-02,2081,Clothing,25569,5,10
51ffce65-e221-4f7d-8098-c07732100085,1981-09-06,3482,Toys,43139,6,10
73a091e5-2931-46cc-8276-e8d0636c2f93,2007-04-08,4718,Clothing,32608,5,15
6ee47975-8e35-4cde-b9f8-8da14c8737c8,2020-02-11,3171,Electronics,39749,9,10
b1796bcd-7842-413b-86d9-b42abc6af50d,2004-01-29,3031,Toys,49652,3,15
8f7d69ff-279b-4072-87d2-de030d8055b8,2008-02-25,4466,Home,30910,10,10
6e8dcaa6-b462-409c-aedf-18b0b9bfc52c,1986-02-15,1101,Toys,40986,5,0
e1c71deb-0607-4014-a550-34e57bab8afc,2012-03-10,4318,Home,12293,4,15
1872da39-50cc-4fec-8fa9-4b3390e0bb34,1972-02-12,3354,Books,37926,6,30
cd321bca-f53d-4721-9ac8-67127a8bc6a8,1977-10-08,1944,Books,20934,5,30
31b5351b-8666-4df1-96d9-6a12b62563dd,1983-10-23,5116,Home,25865,10,10
6d867651-ee2f-4f05-921e-bccc7e067347,2006-02-21,4705,Clothing,42170,2,10
f3deaf50-01fe-4ad2-bf52-a0fd412e5248,1984-12-05,719,Clothing,8682,3,15
37cfe37b-d999-4e77-9dfc-477e372341ad,1976-01-19,7642,Toys,7858,4,25
82221242-40a3-4697-bb29-150459e6f3d6,1978-07-30,492,Books,35246,10,20
289bae38-9706-4206-a212-e5f3844c5b05,1986-12-09,3293,Electronics,45271,1,20
1179bf2e-f8a3-4075-9c96-b0b9b6532daa,1981-11-07,9746,Clothing,9814,9,15
a23b027a-81a6-4a1e-be78-cf3e1f2be55f,1977-05-03,6447,Home,28271,5,15
56bd078b-5431-481e-bcb2-ebaa38c2f88e,1975-12-06,6730,Toys,15655,1,5
93aafe0f-ec0a-4f8c-ad42-ae8cf203a591,1995-10-04,9405,Clothing,5737,4,15
d828b843-741c-4c2a-aeef-7b64385bb8a3,2021-01-24,6810,Home,5182,1,0
1ecea478-2b32-4553-bfc6-d5cf771f87e3,1999-02-28,9231,Clothing,35421,5,15
bc352f7a-2e61-4160-81e8-b657a81e67e4,1978-03-03,9146,Toys,46922,10,30
693ed179-5073-4d9d-89b0-4490d9de54b7,1974-10-28,1588,Books,15669,8,5
8f722093-8b4a-4d58-8e64-04294a68b50d,1988-04-03,1699,Books,11528,9,10
bbb46cf9-93ec-4742-a1e7-cc33ec94cf1d,2017-12-28,1506,Home,5570,2,25
6de7a7c6-f68d-4ad2-b056-b726de6eeca1,1973-08-19,7424,Electronics,5291,5,10
2a6fd371-0dad-4fb3-99dc-610a56e37dd2,1981-11-25,4572,Clothing,34537,2,0
a8bcd537-4f39-4e2e-9559-8e6e2bcc2ac3,2015-10-28,3971,Clothing,49868,10,30
a5fe3239-ebed-4f34-945f-b5186c760282,2019-07-04,6933,Books,18618,8,30
075a89de-c026-44ea-9039-ecc3e52e2082,2011-07-06,9571,Toys,29875,3,10
b7a1a46c-ff28-434d-8ab9-d25cc9b3f781,1986-01-01,3838,Books,2931,10,10
850c3af4-3adc-4e38-a739-3934c48b1c21,2009-08-09,1814,Clothing,49595,10,30
3e6ffd52-d4bc-4939-a5aa-5dbdd8dbf15f,2006-06-06,6611,Toys,11232,9,10
f606d4e3-0ee4-4c8a-a24a-3c6cea42b5f0,2024-06-21,6403,Electronics,31673,8,5
7e92239c-839d-4767-b83d-2cec39e257ef,1986-12-07,5214,Electronics,26600,7,30
1412b599-85e9-4b52-ae00-fc3fc173c46d,2022-01-28,869,Electronics,36996,1,20
c20f1224-e6df-46bc-a042-22c5f1970443,2021-09-12,5327,Home,5286,4,15
eef39567-1a9a-4a34-bde7-1a054073b0e2,1980-11-17,1717,Electronics,42674,10,0
7b862163-2582-419b-9cbf-761b276770d6,2018-11-04,4450,Electronics,23631,5,20
7d964c49-6c18-490f-8042-d716d0aacd70,2004-10-06,5329,Home,31652,1,20
8bba1da4-7d83-436a-9c8c-cce8c4d485b3,1985-10-02,3527,Toys,35891,6,20
95cb29bf-967b-48c8-bed3-0c69c8b54100,1972-10-19,9716,Toys,23121,2,15
62437d26-84b9-452c-9128-0cf9eb87c70e,1977-01-19,3477,Home,11319,7,15
f579bfea-5de7-43e0-9674-e519d0888456,1974-03-25,6109,Home,33233,5,15
7e38ed64-fd2f-48da-9bfe-9a983c452330,2017-11-04,1150,Books,12959,3,30
93c68d6f-bbf0-4f9e-906c-f8c9458ddd6d,1998-03-03,5900,Clothing,1294,9,30
e1104f77-079b-4e7c-96b1-38b625eac229,1999-08-27,1059,Home,3303,10,30
d710927d-0aa5-4cdb-b750-74368e06f107,1980-06-30,5082,Home,44704,8,10
fabc586b-ed7a-43e6-b0d3-3eaa7c206d0c,2016-08-30,4668,Books,1950,9,15
fe571dc0-7d00-43a5-a7d5-b457c4dca86d,1987-10-21,5593,Electronics,25512,10,5
5fa9fb7e-fc50-4c36-b26c-48e54938c79f,2011-11-03,7952,Toys,18274,2,20
16f28461-72c1-43b1-8eb4-f83b049b8373,1974-03-21,6856,Toys,15979,4,15
3db1d88a-d525-4e00-9f43-3d8ffd42bdc0,2020-10-23,7802,Clothing,15409,8,20
3de29568-6381-4bf4-a866-2f0576c49ed7,2014-11-05,7863,Home,24443,6,25
a7087063-6d67-4ecc-a2e4-75d290739f35,2018-01-07,2818,Toys,9436,9,0
2d176705-9b3a-455b-a5e8-d6e1ec10d4f1,2002-02-01,632,Books,35189,1,15
0aaff3d1-e7e2-41c1-aff6-78222b9f02f0,1986-03-18,6209,Clothing,49801,2,15
a087f3b8-da91-40e6-bdcf-f0bd7c00afeb,1990-05-10,6762,Toys,2515,2,10
4600fef5-65a4-4a57-8a72-5bfdf3fae7c4,1995-10-02,2878,Clothing,11983,1,5
46952040-3948-478d-b57c-448942ed0396,2013-10-04,5439,Home,25616,6,0
ba75cf1e-a3c6-4b2a-9702-8467d6aca47f,2000-12-02,1431,Clothing,42493,8,25
691543f2-46b3-4aa0-8357-2736992bbdef,1992-11-14,9683,Toys,32588,5,20
e79fe00c-e1fc-41bf-bdd6-7da463c3e6f5,1989-08-19,6921,Home,13791,2,25
d188dea6-2255-4067-95ee-850f4354bdfe,2019-09-15,5731,Books,39036,2,15
6de70b14-13f7-4088-bf34-709b4171c7f8,2006-08-07,9928,Toys,2144,2,20
d9ffe73d-d649-4177-a6c5-fab9c592ac17,1995-11-20,2373,Home,47098,6,15
c7cce77c-cd98-4f14-a8bd-492b37a09660,1985-09-02,7875,Books,1487,4,15
3e096586-6949-4087-a1f0-be7aad0dafcd,2016-04-06,7932,Electronics,35679,4,10
96c39687-90a2-41bb-96f0-09bca353903e,1972-04-15,1875,Toys,16381,4,20
1c7ddf92-e995-4989-ba97-f9bd82824491,1982-02-17,7367,Electronics,41724,6,0
774403f8-b989-4bc1-bfcb-56804dce1e1c,2008-01-17,6902,Electronics,974,4,25
0c84d8c8-aa20-40e5-8116-6eba83dd88fe,2011-11-12,2943,Books,14871,10,10
8c196da9-c353-440d-8e56-8d41a2323ff2,1970-10-16,7466,Books,37749,2,5
8fe011ab-f2f1-4ca9-800b-d2c79745bec7,2007-06-13,4542,Clothing,27065,9,25
3469d188-88a4-4bfc-93d8-533ca50ad40e,1983-02-28,7994,Clothing,44937,9,0
132f9ab0-20ea-4e89-b1c9-f77a061d4da9,2010-03-18,8490,Toys,28009,7,30
e0341958-b1d9-438c-ac6b-d00e11f434ed,1982-07-09,4545,Toys,13042,9,30
bd607a92-1a4b-4045-b857-a4fcd674c991,1996-03-02,3124,Clothing,46250,2,0
8c19dc8a-0239-45aa-8631-00a4dfa8ec7b,1999-07-08,2798,Clothing,12582,8,0
8a5ea02d-ae8e-4c9f-9326-dcb8503064b6,1998-04-14,9589,Books,46940,8,0
883a3068-c1f4-4c09-a90c-b21f9a524e12,1971-09-26,4868,Home,28287,5,5
8e88e15f-139c-41a0-8caf-7c35c3a4013e,2008-03-18,1752,Home,32146,4,25
d89e2dab-7817-4971-852d-d493437642cc,2005-12-05,505,Clothing,40140,2,20
d8fbf7fa-a296-409d-b2fc-4523ee3d33e9,2025-10-02,2467,Electronics,11920,5,0
c14cc868-53b5-49d6-8d39-46bcc4745d8b,2013-10-13,9484,Books,49537,5,5
7c453fcc-b408-4b32-893b-e777d94c62f4,2025-08-05,9620,Clothing,25506,3,20
3a1d3ac9-d78b-4e0f-a9a6-0004d8447c2a,2001-09-04,8525,Books,17564,10,20
3bd23705-a7a5-4a15-b3cc-69c14a684f9a,2006-08-27,7467,Clothing,42981,6,5
6f881252-eb93-4856-9b7f-968c2734eb7b,2014-09-10,4407,Books,17721,5,25
b2210906-4484-4d5d-acf8-d3670aefa344,1970-09-20,878,Toys,37486,7,15
31b2f62b-39aa-4331-a834-48778f2a147f,1975-08-27,2010,Clothing,42208,7,5
f56ade88-084e-45e8-af26-dcc1530530ab,2017-06-19,4293,Clothing,9603,7,30
4730b2a5-02a6-4e47-a9a7-77a3d6c1c54e,2016-06-16,8649,Clothing,1240,9,20
80ce12fe-939c-40a5-ab28-5ae50339dfde,2019-08-23,4521,Books,45779,1,25
d3ebdae5-ef30-4ffd-8f89-ab2da2cc5b96,1999-06-05,9389,Toys,16612,1,20
503ff443-5a27-4ffd-8223-bf88bfe0a1e2,2006-05-19,131,Electronics,1386,10,5
180ff371-37d1-4054-8c80-4f43011c12a5,2001-12-21,8737,Home,2272,10,15
bb8efba4-0ae9-4c51-85fb-7625056b138f,2005-10-02,7943,Books,16113,1,25
4c358813-0473-4970-b7cc-f14bf2508d2e,2006-03-05,7701,Toys,17594,10,25
372bd45a-96b7-43a7-909e-3d7ca626f497,2012-04-04,9763,Home,2268,5,5
960c6d23-80b5-4dc6-888a-be13d9cedf5c,1971-06-22,8247,Toys,14443,6,0
1c29a407-ea8f-4948-9374-fd6e2d986e10,1998-04-20,2129,Home,17059,6,20
eaa5ccd5-c621-445f-a522-83167e77e90d,1994-11-28,7931,Home,48131,3,20
3882944c-e50f-4c23-b9a1-12911745cde3,2002-11-13,7517,Electronics,48946,10,20
766898e5-8565-495a-9b7c-36a2c69ba93c,1979-05-17,7925,Toys,17612,1,15
38a12f41-2dca-4902-9181-646b32d39d1f,1996-11-22,2004,Toys,29384,9,20
c59dc83b-e958-44bb-a1af-8ed66266852b,2023-02-07,1431,Clothing,6893,5,25
02495f7c-f1be-4cf7-94e0-751fbb40cc9c,2013-04-13,8646,Home,48527,2,30
5c4ef2fb-caa2-4e57-9657-58cbd041b80e,1997-07-14,5503,Home,35928,5,20
247a5633-b0ad-49a9-9bbb-6e71712e42d4,2013-06-25,7573,Clothing,44476,2,20
bd742175-e200-4092-8534-f7b36bb95241,2021-05-02,5340,Books,5030,2,30
ac23b7db-8f73-4c01-9b8f-6390465dfd6c,2002-04-10,1315,Home,11866,4,10
888bbc42-e232-45ec-b9f6-3d000650a451,1987-09-20,9794,Home,14703,1,25
9922aba9-2303-4963-b39d-e3e185239237,2009-01-05,5803,Books,17018,1,30
257c85a7-4b91-408c-a6ac-2b81d5e4beb6,1983-10-01,4332,Books,29627,1,20
4760f65a-c959-4017-b830-75c4da6d6974,1996-01-04,440,Toys,12185,9,10
0ba1d348-8f3d-433a-a5e9-39d0eba35160,1970-09-20,8014,Home,18751,3,15
06d9c5c4-79a7-4a9d-a620-0d9d5cc525cc,1996-02-13,9986,Toys,27210,2,5
a62f9008-21a5-4772-a9e3-5e82c8641d64,2005-10-25,1549,Books,10643,9,20
7b9ade71-1275-4224-8747-a3e394774907,1973-10-13,615,Toys,8095,9,15
5cb63f31-8e65-44b1-9df9-b7e2f68e7f45,2025-05-27,487,Clothing,21947,9,15
7255a1d3-41cb-4bf2-8c5c-51ea05fa4ad2,2023-09-25,3357,Home,28498,3,15
cfd76864-84a3-4b29-8b8c-228fe2aaa2a2,2012-04-02,3306,Home,41881,9,20
24646b45-a334-4af4-93a2-94acfe6c75a1,2012-10-05,7480,Books,20352,4,10
f541d33f-cb25-4009-aaca-62b8a5848ae3,1986-03-10,4080,Electronics,42990,9,15
653d1384-869e-44f4-af2a-7b98577dc7fb,1999-06-17,5827,Clothing,7015,5,15
8f149939-0afb-419c-b3e3-3425ab1adac0,1995-05-12,2957,Clothing,14174,1,25
924a7913-03dc-419c-95f8-3fa47258aec4,1995-11-11,6905,Clothing,14030,5,0
f67d98c8-2124-4613-ad7d-5ab797196d2d,1981-06-30,1296,Clothing,7612,6,0
9f29a835-bdc5-4bdf-9748-5f577dcf34fb,2019-06-09,9702,Home,43844,1,30
e678b3b2-93b2-4e67-ac27-311772e8077e,2007-01-01,204,Electronics,20231,4,25
c4536225-76da-49c6-a684-66f23185409f,1983-07-19,7127,Clothing,36164,8,10
ba1add65-a32c-472f-b9fa-46f3dbc52f0c,1982-07-05,4854,Electronics,38638,8,0
c9aa8843-7ef3-4908-8304-fdd1063d1f43,2011-05-24,194,Toys,37091,8,15
910d8180-8c8f-4e61-ae95-5958d2eba979,1983-01-26,3980,Toys,28807,7,30
74654b48-d06d-4a4c-a8bd-2baa25e2a700,1993-04-22,2720,Clothing,9139,4,0
6659e446-6c11-4a78-8726-5d012adfe021,1972-09-15,7231,Clothing,42215,10,25
83abca37-1ba2-4b26-be8f-35c62b2d072d,1989-02-15,8367,Toys,17065,10,0
aadf2beb-e97e-4f03-8a31-256bd8d4d85f,1983-01-31,9360,Books,21556,2,0
747ba13c-1dd3-4e1a-9432-070edbe37941,1971-12-29,9052,Clothing,33428,1,15
b0d09afb-90be-4c6e-b334-fbd15c5ace4c,1994-07-20,7691,Electronics,11856,6,0
c5e84e19-0c47-4761-9a1e-106937908c09,2020-10-02,7084,Clothing,29974,4,0
220dc4e0-c04d-4467-9dfd-24aa67299641,2003-02-03,4048,Books,25603,5,15
58d86a17-dae9-4b34-a0ac-23752497e10e,2007-11-30,9602,Electronics,31920,9,25
357deb24-403e-4ae6-bed2-f2c4509df1cd,2022-05-30,1652,Electronics,22526,7,10
04db1828-ae00-49e9-89a4-9a361238c3c2,1985-05-27,1599,Books,21279,1,15
d3fa0987-7930-414b-a1e9-c36fe26b538c,1985-05-11,6676,Clothing,41699,9,0
9f1e7d41-0e46-4d11-a2e4-00b53e77d9d8,2010-12-17,6363,Electronics,19849,8,5
c7699615-635d-4f3d-aa26-0cacd61413ba,2009-04-14,7856,Books,12106,9,0
8e0cebd6-82a9-44af-a776-3bb87f17e27a,2001-08-04,8481,Home,45582,1,10
399b58de-25b5-4738-9b77-95d4bc68cc5f,2011-06-24,9449,Toys,6181,3,15
fa275dff-c6b7-4045-bcc5-9782f620d95f,1988-10-15,3548,Clothing,38956,6,10
dd8ba3d3-6cfa-4444-b952-ab969bc9abf6,1989-03-11,8303,Toys,25487,10,30
56dcb2cf-ccf3-4264-aa59-afcc0ea811b0,2010-09-18,5434,Electronics,4405,6,30
9d412367-8197-4f99-b032-3ff574e39dda,2023-07-20,4972,Books,45250,5,20
1cf116b6-410a-4818-90ba-bde69df99f2a,1971-10-01,1577,Clothing,7145,2,15
b22c693e-9521-4291-9a70-e3365addb4b9,2016-10-25,147,Books,18158,4,10
5882e8d5-0266-44dc-ba36-87fe28aa5631,2008-11-21,8573,Electronics,19505,8,30
351addb8-bfbe-4792-b8ea-06b4e2f33211,1976-04-18,5291,Clothing,10744,3,15
07c26b26-8bd8-4a89-aadd-19da7f9ddd33,2025-08-02,992,Books,18015,6,25
08e5f902-032e-4655-8b8e-116264062d4a,2024-02-09,6443,Clothing,4196,3,15
8bbb4ea6-62d4-4e3b-97de-9eb1c206e57f,1974-02-04,8410,Books,7105,5,15
1c1658c2-e25f-4ea3-9985-64ba5db064f0,1996-11-20,2626,Home,37136,4,25
1076339f-11b0-492e-805e-e1e2a81b66f1,2011-07-20,1180,Toys,10649,6,10
8a807874-0f85-4f6e-814a-0a300e0b4958,1977-01-07,4534,Clothing,40996,7,20
8700ab79-6f95-433a-bbe0-20ccbbe29aa4,1989-05-23,7617,Home,3598,10,20
5fb11179-1f9d-4184-b2b3-4821e6cdc91e,2012-10-02,9553,Electronics,32880,8,20
64a2ecae-3eba-49f2-bf49-ef1375e0967b,1976-09-09,3400,Home,7406,3,5
446bd059-8f21-42f4-b34b-ffb53aa9bd0c,1973-02-13,921,Home,30840,10,5
65b7de26-ab14-4b8f-bbc5-8b89a7eb0e7c,2009-05-23,3424,Books,39427,2,10
45647b51-798f-4e2c-8f8f-cb261c605fcb,1982-12-09,9215,Toys,9049,2,25
04b1ae0f-7322-416c-9da6-56ec3e823971,2002-08-04,3448,Home,47400,6,30
1e4357df-8d42-4a6f-a04b-6ca6e0ef6a68,2006-11-15,8681,Electronics,32245,2,15
8b9a6c13-4463-4700-bec9-53f9f25c6cea,1975-09-07,455,Books,42414,6,0
c9c2e2d8-f1dc-4b98-9f28-c5f0a1b5466a,1994-07-09,509,Books,35906,1,10
45782f9f-f51c-4d31-b78e-610045228e34,1986-04-15,3744,Electronics,41006,3,25
09176de4-5e90-49bc-988b-5c7d3e9582aa,2025-02-09,4060,Toys,27995,3,30
ff612c76-c397-4d28-9f2d-f68d9d4602e6,2017-03-18,3903,Electronics,18540,4,10
f3114cee-4525-4799-8cdb-a59104ab671f,1974-11-14,8491,Toys,9698,2,5
929df255-caf9-4a02-aa52-4f5deb5306c8,1976-11-09,3982,Books,39390,5,5
bc0dae2a-6746-4107-889e-75615992af1f,2009-01-29,3031,Electronics,21263,3,20
220eb565-b59c-4be2-923b-71ba1e2c5c1e,2008-05-05,8576,Books,46227,1,5
a95e7bf7-e518-4595-8643-b25e3696f827,1977-02-27,5741,Electronics,34659,5,30
ec283af7-dba6-4448-8e0b-a8e9eb51a073,2004-03-29,9679,Clothing,39544,7,5
4791ba67-9e87-4e93-8ef1-bcbd182f75a0,1996-05-16,9177,Toys,47208,9,20
9d3a2908-34dd-4099-ac6b-37a82add1fa0,1983-12-21,4535,Electronics,39579,6,0
cf2b1816-2c14-418a-8d88-7f20f8fb80d0,2001-10-29,9668,Toys,16626,2,20
6ea542a7-12e8-4333-bffc-069a60158db5,1970-07-11,1464,Electronics,35289,2,30
0fe12ebe-bc1c-449d-bb00-b17001126926,2022-11-25,5494,Electronics,8254,5,10
707ba9db-e7e0-4765-9449-1ebfb4a802a9,1992-11-26,925,Clothing,29917,2,5
bc6cc891-693a-4264-a5d8-6ffc03844519,1991-03-21,5736,Electronics,34594,9,0
c2a536d1-139a-4da9-b37f-169952950f66,1977-11-15,3985,Toys,40102,2,25
c5bb268e-054c-4594-8221-4b0fe0d3365c,2022-12-20,9085,Books,46935,2,15
50490698-7b5a-4e6e-aa0a-d08b70d2a172,1997-07-20,4109,Books,38999,6,15
31995c0d-3223-4e0e-89c3-f341f00b8520,1978-11-17,8158,Home,44419,3,30
3275edff-05fe-4d87-af4a-d87f54bdf4a2,1976-08-05,8530,Clothing,10979,5,0
6cce1ef6-438c-494b-96b4-ee4da6734da9,2005-06-25,6539,Clothing,29220,10,10
ef13bd98-233b-46f2-a7d5-61207531fd5d,1976-02-20,3123,Home,1389,8,20
2ada6371-0e6c-461e-bba7-470c176fd5c8,1984-03-03,3606,Home,45866,4,25
adc9c573-cb42-46e9-98ef-270fcb8484e3,2013-11-01,5230,Clothing,23529,1,30
f8af72e9-9488-43c0-a899-363a9145c67d,1989-03-01,2130,Electronics,43623,7,0
524e3cfb-fa21-48ff-9482-be59d8322677,2020-01-09,8472,Books,2415,6,30
a7177043-c210-409f-9839-76ca3bc00770,2002-11-10,2692,Clothing,19644,10,25
836c5ace-4b0c-4367-9ec0-830eb54a4e22,1978-07-01,1443,Home,44423,3,10
4da4d355-e5ef-4f05-b9e7-7e38109adc25,1985-09-16,2268,Books,24058,8,20
b89f2b75-81f5-4be5-811b-f6653264dddc,2002-04-09,1861,Home,48398,9,25
a9e0118b-a8a8-4820-b1a3-aa678bcea4e8,1997-03-02,6675,Electronics,4916,3,20
ac1dac6a-6ce2-496f-92b1-47932d195022,1981-06-03,9723,Electronics,13872,4,30
a02fcf82-bfac-43ac-ba67-d9039ee06485,1991-09-27,2284,Books,37213,2,0
1910acb1-8401-44f3-a464-9016e4e196a0,2006-04-03,1516,Home,37655,2,25
fd8d1e8c-a0ac-4ec1-a7e0-497540cebe84,1989-09-13,9784,Electronics,30594,4,0
76591c57-80eb-45ea-bbc6-d038b571af0b,2016-05-29,5539,Books,40203,10,15
9ddebc11-2f11-4c68-b88d-f56826ffd12c,1976-10-11,6258,Home,11668,1,30
bc63682e-bea4-46a9-97be-1c3a11ff7e0f,2016-05-11,2063,Clothing,44106,6,30
8af42296-5ef5-4b18-926e-689263dedea7,1991-07-03,2563,Home,23726,2,15
dc39f106-a2b3-4a55-9efe-097bc4381738,1978-02-27,6511,Clothing,38969,10,25
3ccf1c84-0412-41c5-8b74-6ab5fbd9e574,2024-04-20,1241,Books,47082,3,30
c329d7e1-e431-4a88-9f96-e5164dc40022,2009-08-20,7509,Books,6753,7,30
c720dfa1-d273-4efa-8361-e9b18f4b7290,2007-10-27,9606,Books,29315,7,10
de3b0214-40ea-4e3c-a733-a5b365bb17d1,2013-05-17,7529,Clothing,10050,9,30
a527e13d-db00-47ec-a3ee-5cb5ca87aa68,2014-08-22,9269,Electronics,13704,2,25
2c2d7927-46d5-4746-adb9-2f9dcf4ce727,1977-07-20,8232,Books,5581,9,15
9d02a233-09b0-4743-bf34-cf26375a853b,1976-10-18,5908,Home,2415,6,5
5e1c8c59-7c8e-46e6-b4ec-ce05ed7b9b3e,2000-04-01,4775,Electronics,29061,5,20
08ddd8d9-8c45-4178-90b6-cd6322e733b9,2011-12-24,3237,Electronics,2403,10,0
40568bfd-030a-4f33-8255-d9f82f7adf32,2007-07-17,474,Clothing,40747,2,5
689e3361-71f7-4d35-86a2-6eff58e60901,1999-08-17,3141,Clothing,28666,2,20
a534ff88-8173-46e6-ba7f-d73116c8a6f5,2013-11-07,1997,Home,3576,1,30
671fb165-27bc-4135-998b-0875b889e1c2,1972-08-16,9828,Electronics,38549,10,5
517b39e2-1440-4d4c-966e-eef62ec366d1,1992-12-18,7653,Toys,12797,8,0
59b99650-8391-4505-9435-0a1e9815f570,2024-01-07,5724,Home,33722,4,30
89cb4886-8dfa-4130-a123-2ebc103d3724,1977-02-07,5226,Home,34159,8,30
d8f679ab-ebf1-4c67-927f-73f4c32f8570,1992-02-19,7882,Toys,36411,1,30
dd79dcb1-a161-4b67-8e20-dfe57a784363,2022-12-17,2419,Electronics,36891,8,10
15906432-014b-4a7c-8ac5-da41b0674984,2002-03-30,5872,Electronics,24434,6,30
ea8d2530-68de-42ef-8b68-7b3aa242eb28,2022-05-25,2077,Clothing,12169,8,5
739fc9f8-235a-42f5-8066-75aa4f19301d,2015-04-17,2097,Toys,30684,8,30
9e9d6b3a-c44e-485b-84a6-b4d8d4489b1b,1990-08-23,9176,Toys,37681,1,20
95a7db4e-ff98-4454-be13-9fb65d05f691,2015-01-27,2365,Books,43573,5,10
28e50591-bac3-4330-a7c5-122f4e701886,1976-02-06,8114,Toys,2660,10,15
173c6afc-af6a-4ff0-9549-02f552b4197c,1998-08-17,3377,Clothing,3735,3,30
c819c405-d635-4f06-bbba-51c1f79c9f4b,2011-03-30,3862,Toys,34233,8,0
df49341d-e334-48da-8e55-931ecd41a59e,1982-12-10,9664,Home,15287,2,10
164e134a-d0a1-4e34-8a25-007004a6c691,1993-09-08,4454,Electronics,36931,6,10
9f97e404-5250-433c-9367-8140e34f8fe4,2001-02-08,9227,Home,22801,3,5
2f92fdc9-0a5a-4a5b-8c7e-609f05ca8cc8,1997-10-04,2866,Clothing,11992,8,25
a4f9e9ab-5a15-424a-b2c4-4f0697a3644a,2010-10-10,5232,Electronics,13181,2,30
06082d88-87f3-4503-893a-6ab6738cb4a6,1993-11-02,4739,Electronics,22944,2,30
01741d56-5fbf-4f86-af82-b450c3f83d0f,2017-01-13,4195,Electronics,22241,10,20
e526985e-266d-421f-a3c5-4f97ae4d8265,1998-05-20,6189,Books,38282,9,20
fc43e90e-d331-4b1c-bdf1-e387f4e653dd,1997-04-16,8881,Clothing,34782,10,20
b396c4bf-9fc9-4859-b429-db97d7ea51a3,1995-01-13,2194,Clothing,22121,9,25
3e648317-419c-4fb8-ac98-4522c6cf32b6,2011-11-20,9799,Toys,30778,3,20
a1fc531d-81b8-492d-a52d-7b68682c2a9b,2014-05-31,9505,Toys,13738,7,5
90da8b82-be6f-4334-8dca-7a2ce99aa0a3,1993-08-20,8752,Books,24661,5,15
579e9564-3b96-499b-b547-ae457109a786,1984-02-29,4060,Toys,27729,3,5
0cac1f37-b2c5-4414-8373-ad0a03451bfb,2014-11-17,4539,Home,43470,3,25
bb78345f-c2be-49e8-bbf7-f403e49bd5e4,1973-03-10,7155,Home,48214,6,10
c9fdce92-9f44-4a10-b535-85f1c8b2c353,1980-08-19,3887,Books,42757,3,30
a61a7aca-4436-4d0a-b6bd-f4a38a0f1f7e,2022-11-29,7512,Books,13175,3,30
d6e93fa5-a12e-43ab-842c-7cad038ed7dc,2007-09-15,2435,Books,12926,2,5
1278b066-102d-4f6d-afff-ca01360e769d,1989-07-10,9480,Clothing,6268,10,0
194e97d8-86d1-4c92-8e8d-18b2589c888e,1978-04-22,7884,Toys,29263,5,10
c380cd1b-dc10-4a28-873d-0b839d9b2d72,1979-03-28,6743,Home,31059,6,25
15ec848f-812a-4b24-ae04-82e31b715193,1970-08-26,9840,Electronics,27772,6,20
b5134862-a444-451a-93e9-dd7ee4789675,1981-05-22,5717,Home,11096,7,25
afb60d1e-f245-46e5-a34d-ba3704636526,2016-05-03,7470,Books,1442,6,25
1a42185c-ad78-453f-b341-e27d6c5b4ee7,2005-06-27,5128,Clothing,20853,1,10
271b0ff4-588d-414c-8cf7-3da6fbc3d1fa,1978-02-13,2481,Toys,8611,4,15
25f0ad58-f5cd-445d-ac92-a97621a89bbc,1979-11-23,1126,Toys,45303,10,30
50977613-dfd7-4884-90d5-b212bb2cdc0e,2006-07-16,8346,Clothing,29564,4,0
8a37d4e2-99d4-414c-995d-599df65d1be4,1984-02-18,7721,Clothing,10368,5,10
dd262fec-2535-4378-a7ec-16c051280f0a,1994-11-15,467,Books,42016,4,25
440ee196-4981-407d-8b87-f40808a31cd0,1984-08-12,7559,Electronics,43440,2,15
7683bab9-a1eb-4751-959d-c03b43777dab,2015-01-27,1483,Home,30280,5,10
5645b88b-490a-406a-b11e-b2919209c390,2010-03-05,365,Electronics,15943,3,25
6f8bfcf1-99cc-4be7-8d1c-e9d49f70b4e6,1976-01-08,9480,Electronics,15419,2,15
4d3fef13-413c-49c2-95f8-44446f20aaed,1991-07-06,9702,Toys,25876,3,20
f657aa29-8f4c-49c9-887d-d243594aafd0,2014-08-18,8819,Books,2492,4,0
ce044d4b-dee1-449b-af4f-53be92007085,2006-09-06,2339,Toys,723,5,10
fe48a280-5fa4-478c-9df0-a43b8614e304,2001-08-06,4286,Clothing,43681,2,5
cb793e9b-5003-4b20-9a1c-8a8cf87bf363,2007-02-21,3886,Clothing,19790,7,30
5fedbbbd-5b7d-4104-bb0b-c8f4738a18e3,1971-04-08,9337,Home,18160,10,0
2fe2ffa0-0859-44fd-8be2-07d0a765fae8,1983-03-08,7367,Clothing,20894,6,15
03214fcf-66ab-4108-be91-fb05f6d64558,2002-08-22,5086,Clothing,7757,6,25
dfeb313c-e466-49e6-bb23-34d1f4e5e1d6,1983-08-27,4970,Electronics,37711,6,5
26b8c1cf-7d3d-4b4a-b5bf-d3a6021ef67f,2009-05-17,6581,Toys,47772,1,15
4009c6ad-7212-42b0-b691-5fb2a1c39635,2016-12-26,6105,Toys,39611,2,30
09fb4ca2-3b65-4371-95a5-7116285b99d2,1972-09-16,1755,Home,43810,3,15
448f3dba-1c46-4439-9dbf-aa333072b5f5,1994-11-17,3232,Home,36226,1,5
84c9bc3f-cc74-4593-bde3-ae692afcff31,2010-04-15,4742,Clothing,39205,5,25
8837bb3b-fa89-4180-9c8a-ce1459a48609,1989-05-12,1198,Books,41684,8,25
b5f7a4b2-cb5c-49a3-b081-e6862d44574f,2025-12-12,6679,Electronics,32081,6,15
b1008423-ecc0-4033-8af2-05b71279f73a,2009-09-10,5337,Toys,47448,4,25
f281c597-46b2-4303-8c21-82f814df42c3,1990-04-05,4818,Toys,5314,10,15
335827f0-2ddc-49b3-accb-7b385f55c4c2,2001-08-13,7563,Books,28306,4,25
07859ca4-a1c5-40d6-adcf-0d0bf8397bba,1973-04-16,257,Toys,21087,9,5
f9d5202b-8370-413c-a252-5fa587b94ebc,2000-10-10,5428,Clothing,41111,6,10
9df3fcbd-dcaa-48e4-81e4-c0707db64689,2008-08-02,2711,Home,29296,7,10
f8819f39-b175-4bee-ad3b-beca77498060,1993-05-29,722,Electronics,11689,5,20
4ef25815-95b3-4725-94b4-ce4a5cd23105,1981-02-16,6056,Toys,45226,10,30
69c1dec7-c0f5-4657-b47b-f31b2eb7c6ee,1980-07-06,3815,Books,8624,9,0
6aa7fa60-1802-4467-b16c-4e01d39fa337,1983-07-24,2362,Electronics,33444,8,30
7139d5a8-daff-4ba6-a1b4-f9461db39c05,1970-01-09,7953,Electronics,29965,9,5
30b7a4db-0ab1-4fe1-b935-5d6d1728992e,2005-08-26,5072,Clothing,45531,1,10
6996d8d7-ecef-4437-90de-640da83c9e35,2005-09-19,3454,Toys,44418,3,30
081f54bc-087b-4906-ac65-1de10424fc92,1988-04-13,2615,Clothing,36334,5,5
46fc64e0-b014-4f94-96b4-2b4ee7282547,1981-04-22,9682,Clothing,2984,4,25
537149b8-a27c-452b-af58-1295e403bcba,1994-11-25,3125,Home,42456,4,15
f8f3bf3f-5999-4936-a241-323e3649434a,2009-11-27,5976,Clothing,13757,9,30
46b02902-5f0a-461b-a1f3-b3044d32ed7a,2018-11-01,4189,Electronics,23357,3,20
cae9442c-2089-41bc-8ea5-7dbb60fb83e0,2026-03-14,8423,Toys,44389,9,10
a23a042f-72e7-4d55-9743-2d1b6f32b19a,1986-09-04,154,Books,28835,6,20
ad75f500-454f-46eb-ba17-62d5106664f8,2010-03-04,9642,Books,8677,1,25
74e750a0-94fe-46ea-b51c-db0bf1e9b8e9,1998-04-26,5446,Clothing,42810,2,15
de0f4ccd-d67e-4ce3-b4ef-bdd3bdaf3dfb,2013-06-02,5024,Toys,32324,3,25
8e0dce4c-5599-4cd3-99f3-90a9d278a851,1984-11-07,2092,Home,6608,5,15
61cb7df3-912a-4cdf-8c3b-e946060e0bd1,1972-05-22,307,Home,33496,8,5
93ba8982-cac4-450f-ba6e-517577948284,2012-09-25,145,Books,11120,4,15
3f0089a5-28e3-4179-8fa5-9f485f3c3c39,1976-11-02,9488,Electronics,14314,7,25
90b12a53-bed2-4b34-9bb9-d26db7f0b8d8,1973-06-14,1927,Clothing,18590,4,25
93ccbbc7-0a64-4cda-a607-8dc5d2da7431,1973-02-27,1318,Electronics,24521,1,25
821940d2-5736-4eb5-8ecf-5955b370310c,1998-05-16,3324,Clothing,48944,10,30
c223eedd-56f8-419d-a483-68623a81e67f,1993-07-02,8029,Clothing,16056,5,20
e67aca42-1f70-44d2-9721-b4b167351c94,1974-08-28,1319,Toys,10519,4,20
18ba26c2-2c5e-4f8d-8710-dee05d7bc28b,2008-01-17,4384,Home,29449,3,0
edfcb87f-0bce-41a1-ac90-fe45424c90d2,1979-11-13,2823,Electronics,32436,2,30
9a65b466-f306-4f2d-b598-79745c3c022c,2015-08-28,8522,Clothing,5609,4,0
6d40f9e8-d894-4beb-a09d-66bcc7dce40e,1995-12-26,4359,Home,13485,10,10
2e63005e-c831-47fe-8107-f649972c4941,2013-10-20,7464,Clothing,21960,2,10
76556aed-bb01-4617-b670-672f095dee6e,1999-11-04,6658,Toys,13729,2,10
e5aa3cf5-8619-4efe-94e0-0ab5afd03df1,1972-02-28,8113,Toys,25462,5,10
40a94126-0f46-4878-be82-7a9adc8de4ce,1999-10-16,4048,Clothing,40022,7,15
492047c4-b0e1-4d4a-9cd0-8d17337c91b4,2004-10-11,2185,Home,8257,8,15
7be00c06-b485-401a-9be4-80c454307372,2019-01-13,7440,Clothing,49005,6,5
9f0039a6-4af0-45e6-9b31-599a526fed3e,1997-12-26,603,Electronics,33794,5,5
10442471-ecbb-4b2b-8bf6-1b57a9e2bc70,1980-12-08,1212,Toys,10326,4,10
097dc129-691d-4c30-874b-d322dd2b6f4b,2010-05-09,6507,Electronics,9473,3,30
a1bb1dcc-6f0b-4615-9210-2a664cb1cbaa,2007-03-31,5507,Home,17169,9,30
97289444-811b-4253-b3e2-68ee0d5bd242,1974-04-04,9057,Home,6353,2,30
c6ef1ca2-ebd4-42ae-ac76-a9b86b75cfca,2024-02-19,483,Books,28593,5,20
1975cb81-8872-46f8-80b8-bb12a705fa6b,1970-10-22,4287,Books,36426,6,0
6830be0f-ec9c-49bd-beda-5b5a3bc37429,2005-09-30,9513,Home,1442,5,0
aa7806fa-b64e-4a8e-b08a-d63a7d9a80cd,2002-12-07,4658,Electronics,44132,2,5
ac13b107-5282-431e-8a07-4afa1669c78d,2004-03-12,1388,Toys,13308,4,20
3258af87-621b-4c30-b064-7f7aeabe19ea,2005-11-05,1538,Clothing,13063,5,10
f9ea3229-d6a8-4ed3-b4df-0b134119898a,2026-02-12,5797,Clothing,24909,9,15
b40f3054-e24f-4fb6-b0a3-767ccf4683f4,2009-05-20,9400,Toys,17934,6,0
39bc85f2-a3f6-4b44-b707-534586577915,1992-07-28,5647,Toys,2111,7,25
f0ddfd8c-7a70-4a6c-b5be-51a6cdfdb0f4,2013-04-29,8122,Electronics,22298,6,10
83245682-761c-40d8-a73f-ce0195627475,2004-07-04,4444,Electronics,12386,7,10
91c77e53-6494-47e6-96cc-fe011e3107d1,1993-02-07,6015,Books,47577,4,15
fe96513c-c82c-4940-aa58-eac35ff23163,2001-01-28,2291,Home,15952,2,10
